{
  "form_data_definition_version": "1",
  "form": {
    "bind_type": "anak",
    "default_bind_path": "/model/instance/kunjungan_gizi/",
    "fields": [
      {
        "name": "id",
        "shouldLoadValue": true
      },
      {
        "name": "start",
        "bind": "/model/instance/kunjungan_gizi/start"
      },
      {
        "name": "tanggalPenimbangan",
        "bind": "/model/instance/kunjungan_gizi/tanggal_penimbangan"
      },
      {
        "name": "tanggalLahir",
        "bind": "/model/instance/kunjungan_gizi/tanggal_lahir",
        "shouldLoadValue": true
      },
      {
        "name": "umur",
        "bind": "/model/instance/kunjungan_gizi/umur"
      },
      {
        "name": "umur1",
        "bind": "/model/instance/kunjungan_gizi/umur1"
      },
      {
        "name": "history_berat",
        "bind": "/model/instance/kunjungan_gizi/berat_badan",
        "shouldLoadValue": true
      },
      {
        "name": "beratBadan1",
        "bind": "/model/instance/kunjungan_gizi/berat_badan1"
      },
      {
        "name": "history_berat",
        "bind": "/model/instance/kunjungan_gizi/history_berat"
      },
      {
        "name": "tinggiBadan",
        "bind": "/model/instance/kunjungan_gizi/tinggi_badan"
      },
      {
        "name": "indikator_gizi",
        "bind": "/model/instance/kunjungan_gizi/indikator_gizi"
      },
      {
        "name": "end",
        "bind": "/model/instance/kunjungan_gizi/end"
      }

    ]
  }
}