<model>
  <instance>
    <kunjungan_gizi encounter_type="Kunjungan Gizi" id="kunjungan_gizi" version="201605241105">
      <formhub>
        <uuid/>
      </formhub>
      <start/>
      <today/>
      <deviceid/>
      <simserial/>
      <phonenumber/>
      <tanggal_penimbangan/>
      <tanggal_lahir/>
      <umur/>
      <generated_note_name_12/>
      <umur1/>
      <berat_badan>0</berat_badan>
      <berat_badan1/>
      <history_berat/>
      <generated_note_name_19/>
      <tinggi_badan/>
      <indikator_gizi/>
      <end/>
      <meta>
        <instanceID/>
      </meta>
    </kunjungan_gizi>
  </instance>
</model>